{"stats":{"minecraft:crafted":{"minecraft:wooden_sword":1,"minecraft:oak_planks":76,"minecraft:crafting_table":1,"minecraft:stick":8,"minecraft:wooden_pickaxe":1,"minecraft:acacia_planks":4},"minecraft:killed":{"minecraft:zombie":1,"minecraft:pig":6,"minecraft:chicken":1},"minecraft:mined":{"minecraft:acacia_leaves":1,"minecraft:red_bed":1,"minecraft:crafting_table":1,"minecraft:azure_bluet":1,"minecraft:torch":1,"minecraft:short_grass":6,"minecraft:acacia_log":12,"minecraft:grass_block":25,"minecraft:oak_log":29,"minecraft:dirt":25,"minecraft:stone":11,"minecraft:oak_planks":2,"minecraft:oak_leaves":10,"minecraft:wall_torch":12,"minecraft:orange_bed":2},"minecraft:picked_up":{"minecraft:wooden_axe":1,"minecraft:birch_log":1,"minecraft:crafting_table":1,"minecraft:stick":9,"minecraft:azure_bluet":1,"minecraft:feather":1,"minecraft:chicken":1,"minecraft:torch":13,"minecraft:acacia_log":12,"minecraft:wooden_pickaxe":1,"minecraft:porkchop":12,"minecraft:oak_log":29,"minecraft:red_bed":1,"minecraft:dirt":50,"minecraft:wooden_sword":1,"minecraft:orange_bed":2,"minecraft:rotten_flesh":4,"minecraft:wheat_seeds":4,"minecraft:oak_button":4,"minecraft:oak_sapling":4,"minecraft:oak_planks":2,"minecraft:white_wool":1,"minecraft:cobblestone":22},"minecraft:killed_by":{"minecraft:skeleton":1,"minecraft:spider":1,"minecraft:zombie":3},"minecraft:used":{"minecraft:acacia_log":2,"minecraft:chicken":1,"minecraft:bread":3,"minecraft:oak_planks":61,"minecraft:wooden_pickaxe":28,"minecraft:torch":1,"minecraft:wooden_sword":50,"minecraft:dirt":46,"minecraft:crafting_table":1,"minecraft:oak_sapling":1,"minecraft:porkchop":9},"minecraft:custom":{"minecraft:time_since_rest":20,"minecraft:sprint_one_cm":293741,"minecraft:damage_taken":1300,"minecraft:walk_one_cm":209610,"minecraft:mob_kills":9,"minecraft:damage_dealt":1315,"minecraft:swim_one_cm":4298,"minecraft:interact_with_crafting_table":2,"minecraft:fly_one_cm":83036,"minecraft:open_chest":2,"minecraft:play_time":54936,"minecraft:deaths":5,"minecraft:sneak_time":20,"minecraft:walk_under_water_one_cm":1221,"minecraft:jump":957,"minecraft:leave_game":1,"minecraft:walk_on_water_one_cm":2696,"minecraft:time_since_death":0,"minecraft:total_world_time":54936,"minecraft:fall_one_cm":16259}},"DataVersion":3839}