{"stats":{"minecraft:crafted":{"minecraft:wooden_sword":1,"minecraft:oak_planks":160,"minecraft:crafting_table":4,"minecraft:wooden_pickaxe":4,"minecraft:iron_sword":1,"minecraft:furnace":3,"minecraft:birch_planks":40,"minecraft:bread":15,"minecraft:cooked_mutton":7,"minecraft:stick":120,"minecraft:iron_ingot":13,"minecraft:iron_pickaxe":3,"minecraft:stone_pickaxe":1,"minecraft:acacia_planks":100,"minecraft:torch":120,"minecraft:wheat":45},"minecraft:broken":{"minecraft:stone_pickaxe":1,"minecraft:iron_pickaxe":1,"minecraft:wooden_pickaxe":2},"minecraft:killed":{"minecraft:pig":3,"minecraft:creeper":1,"minecraft:skeleton":1,"minecraft:sheep":15,"minecraft:zombie":3,"minecraft:cow":14},"minecraft:mined":{"minecraft:acacia_leaves":6,"minecraft:blast_furnace":1,"minecraft:crafting_table":9,"minecraft:granite":11,"minecraft:short_grass":43,"minecraft:acacia_log":26,"minecraft:grass_block":20,"minecraft:melon":13,"minecraft:copper_ore":1,"minecraft:tall_grass":2,"minecraft:lapis_ore":4,"minecraft:oak_planks":1,"minecraft:diorite":2,"minecraft:wall_torch":2,"minecraft:hay_block":54,"minecraft:furnace":8,"minecraft:birch_log":11,"minecraft:iron_ore":37,"minecraft:wheat":25,"minecraft:andesite":18,"minecraft:birch_leaves":1,"minecraft:orange_tulip":1,"minecraft:coal_ore":40,"minecraft:oak_log":64,"minecraft:dirt":12,"minecraft:stone":98,"minecraft:oak_leaves":44,"minecraft:deepslate":5,"minecraft:orange_glazed_terracotta":1},"minecraft:dropped":{"minecraft:iron_ingot":2,"minecraft:wheat_seeds":1,"minecraft:filled_map":1},"minecraft:picked_up":{"minecraft:wooden_axe":1,"minecraft:birch_log":10,"minecraft:iron_chestplate":1,"minecraft:crafting_table":11,"minecraft:wheat":6,"minecraft:andesite":55,"minecraft:leather":15,"minecraft:wooden_pickaxe":3,"minecraft:acacia_wood":1,"minecraft:birch_planks":4,"minecraft:oak_log":69,"minecraft:gunpowder":2,"minecraft:lapis_lazuli":72,"minecraft:dirt":64,"minecraft:string":1,"minecraft:raw_copper":15,"minecraft:iron_axe":1,"minecraft:acacia_door":1,"minecraft:iron_leggings":1,"minecraft:cooked_mutton":3,"minecraft:orange_glazed_terracotta":1,"minecraft:bone":1,"minecraft:acacia_planks":24,"minecraft:apple":1,"minecraft:orange_tulip":1,"minecraft:wheat_seeds":54,"minecraft:cartography_table":1,"minecraft:cobbled_deepslate":5,"minecraft:beef":43,"minecraft:iron_ingot":7,"minecraft:poppy":2,"minecraft:iron_pickaxe":2,"minecraft:melon_slice":61,"minecraft:birch_sapling":1,"minecraft:oak_planks":60,"minecraft:furnace":12,"minecraft:stick":36,"minecraft:raw_iron":157,"minecraft:cooked_porkchop":4,"minecraft:torch":18,"minecraft:acacia_log":25,"minecraft:porkchop":7,"minecraft:blast_furnace":1,"minecraft:arrow":2,"minecraft:rotten_flesh":5,"minecraft:hay_block":54,"minecraft:granite":15,"minecraft:yellow_terracotta":1,"minecraft:gray_wool":1,"minecraft:oak_sapling":7,"minecraft:black_wool":2,"minecraft:mutton":25,"minecraft:coal":39,"minecraft:white_wool":14,"minecraft:cobblestone":123},"minecraft:killed_by":{"minecraft:player":1,"minecraft:skeleton":2,"minecraft:spider":4,"minecraft:zombie":6,"minecraft:enderman":1},"minecraft:custom":{"minecraft:interact_with_furnace":27,"minecraft:mob_kills":41,"minecraft:interact_with_crafting_table":25,"minecraft:leave_game":6,"minecraft:time_since_death":0,"minecraft:time_since_rest":12,"minecraft:sprint_one_cm":1394306,"minecraft:damage_taken":6156,"minecraft:walk_one_cm":755087,"minecraft:drop":3,"minecraft:damage_dealt":6148,"minecraft:swim_one_cm":58962,"minecraft:fly_one_cm":273846,"minecraft:player_kills":2,"minecraft:open_chest":8,"minecraft:crouch_one_cm":2999,"minecraft:play_time":198076,"minecraft:deaths":19,"minecraft:sneak_time":2717,"minecraft:walk_under_water_one_cm":7387,"minecraft:boat_one_cm":48835,"minecraft:jump":3261,"minecraft:walk_on_water_one_cm":31936,"minecraft:total_world_time":198076,"minecraft:fall_one_cm":48332},"minecraft:used":{"minecraft:cooked_mutton":10,"minecraft:stone_pickaxe":86,"minecraft:poppy":2,"minecraft:oak_planks":19,"minecraft:wooden_pickaxe":102,"minecraft:iron_sword":87,"minecraft:leather_boots":1,"minecraft:iron_chestplate":1,"minecraft:white_wool":1,"minecraft:torch":40,"minecraft:dirt":19,"minecraft:mutton":10,"minecraft:crafting_table":9,"minecraft:granite":9,"minecraft:oak_log":1,"minecraft:apple":2,"minecraft:acacia_door":1,"minecraft:melon_slice":9,"minecraft:iron_axe":28,"minecraft:bread":20,"minecraft:iron_pickaxe":281,"minecraft:leather_helmet":1,"minecraft:wooden_sword":5,"minecraft:cobblestone":47,"minecraft:beef":15,"minecraft:cooked_porkchop":2,"minecraft:porkchop":1,"minecraft:furnace":8,"minecraft:oak_sapling":2,"minecraft:andesite":15,"minecraft:gray_wool":1,"minecraft:acacia_planks":1,"minecraft:cobbled_deepslate":5,"minecraft:iron_leggings":1}},"DataVersion":3839}