{"stats":{"minecraft:crafted":{"minecraft:wooden_sword":6,"minecraft:oak_planks":132,"minecraft:furnace":1,"minecraft:cooked_mutton":9,"minecraft:stone_pickaxe":3,"minecraft:oak_button":4,"minecraft:acacia_fence":3,"minecraft:birch_button":2,"minecraft:wheat":234,"minecraft:cooked_beef":13,"minecraft:cooked_porkchop":11,"minecraft:crafting_table":9,"minecraft:wooden_pickaxe":3,"minecraft:birch_planks":8,"minecraft:stone_axe":2,"minecraft:acacia_boat":1,"minecraft:bread":78,"minecraft:stick":48,"minecraft:iron_pickaxe":1,"minecraft:wooden_axe":5,"minecraft:stone_sword":1,"minecraft:white_bed":1,"minecraft:acacia_planks":32,"minecraft:torch":8},"minecraft:broken":{"minecraft:stone_sword":1,"minecraft:wooden_pickaxe":1,"minecraft:stone_pickaxe":2,"minecraft:wooden_sword":2,"minecraft:stone_axe":2,"minecraft:wooden_axe":1},"minecraft:killed":{"minecraft:cave_spider":1,"minecraft:spider":3,"minecraft:skeleton":3,"minecraft:pig":13,"minecraft:sheep":11,"minecraft:pillager":1,"minecraft:zombie":7,"minecraft:cow":15},"minecraft:dropped":{"minecraft:wheat_seeds":39,"minecraft:dripstone_block":41,"minecraft:cooked_porkchop":4,"minecraft:chest_minecart":1,"minecraft:rail":4,"minecraft:stick":1,"minecraft:dirt":6,"minecraft:wooden_axe":1,"minecraft:detector_rail":1,"minecraft:cobbled_deepslate":4,"minecraft:raw_copper":20,"minecraft:wheat":2,"minecraft:pointed_dripstone":22,"minecraft:tall_grass":1,"minecraft:rotten_flesh":7,"minecraft:oak_planks":18,"minecraft:cooked_mutton":2,"minecraft:stone":1,"minecraft:melon_seeds":4,"minecraft:oak_sapling":22,"minecraft:acacia_sapling":2},"minecraft:picked_up":{"minecraft:crafting_table":8,"minecraft:iron_chestplate":3,"minecraft:wheat":2,"minecraft:clay_ball":2,"minecraft:chest_minecart":1,"minecraft:wooden_pickaxe":1,"minecraft:brewing_stand":3,"minecraft:string":58,"minecraft:red_bed":1,"minecraft:raw_copper":20,"minecraft:acacia_door":1,"minecraft:cartography_table":1,"minecraft:gold_nugget":3,"minecraft:detector_rail":1,"minecraft:cobbled_deepslate":22,"minecraft:beef":45,"minecraft:melon_slice":154,"minecraft:sugar_cane":32,"minecraft:chest":10,"minecraft:furnace":5,"minecraft:stick":22,"minecraft:stone":2,"minecraft:torch":37,"minecraft:acacia_log":40,"minecraft:porkchop":58,"minecraft:pointed_dripstone":28,"minecraft:orange_bed":3,"minecraft:arrow":4,"minecraft:rotten_flesh":16,"minecraft:beetroot_seeds":4,"minecraft:hay_block":120,"minecraft:armadillo_scute":1,"minecraft:yellow_terracotta":99,"minecraft:saddle":3,"minecraft:gold_ingot":4,"minecraft:mutton":22,"minecraft:obsidian":18,"minecraft:cobblestone":87,"minecraft:white_wool":19,"minecraft:rail":20,"minecraft:birch_log":10,"minecraft:stripped_oak_log":1,"minecraft:leather":29,"minecraft:acacia_wood":5,"minecraft:birch_planks":20,"minecraft:tuff":43,"minecraft:oak_log":65,"minecraft:acacia_boat":1,"minecraft:map":6,"minecraft:dirt":241,"minecraft:paper":12,"minecraft:name_tag":1,"minecraft:cooked_mutton":14,"minecraft:bone":6,"minecraft:stone_bricks":1,"minecraft:acacia_planks":1,"minecraft:apple":10,"minecraft:bow":1,"minecraft:wheat_seeds":65,"minecraft:bell":3,"minecraft:stone_pickaxe":2,"minecraft:iron_ingot":3,"minecraft:tall_grass":2,"minecraft:oak_planks":42,"minecraft:acacia_sapling":3,"minecraft:cooked_porkchop":4,"minecraft:dripstone_block":41,"minecraft:ink_sac":1,"minecraft:white_bed":1,"minecraft:acacia_stairs":6,"minecraft:red_terracotta":2,"minecraft:spider_eye":1,"minecraft:diamond":8,"minecraft:stone_axe":1,"minecraft:golden_apple":1,"minecraft:bread":34,"minecraft:emerald":16,"minecraft:oak_sapling":25,"minecraft:melon_seeds":4,"minecraft:coal":8},"minecraft:mined":{"minecraft:yellow_terracotta":36,"minecraft:tuff":44,"minecraft:attached_melon_stem":1,"minecraft:mossy_cobblestone":1,"minecraft:deepslate_diamond_ore":2,"minecraft:brewing_stand":2,"minecraft:acacia_log":32,"minecraft:grass_block":17,"minecraft:spawner":3,"minecraft:hay_block":69,"minecraft:tall_seagrass":1,"minecraft:furnace":3,"minecraft:cobbled_deepslate":3,"minecraft:acacia_wood":1,"minecraft:acacia_stairs":2,"minecraft:bell":1,"minecraft:pointed_dripstone":19,"minecraft:rail":1,"minecraft:stripped_oak_log":1,"minecraft:stone":60,"minecraft:white_wool":1,"minecraft:orange_bed":2,"minecraft:acacia_leaves":4,"minecraft:glass_pane":4,"minecraft:red_bed":2,"minecraft:crafting_table":8,"minecraft:short_grass":81,"minecraft:melon":26,"minecraft:chest":7,"minecraft:copper_ore":2,"minecraft:tall_grass":3,"minecraft:cobblestone":10,"minecraft:sugar_cane":7,"minecraft:wall_torch":13,"minecraft:seagrass":2,"minecraft:red_terracotta":3,"minecraft:birch_log":8,"minecraft:wheat":4,"minecraft:birch_leaves":6,"minecraft:oak_log":45,"minecraft:dripstone_block":43,"minecraft:dirt":43,"minecraft:cobweb":58,"minecraft:oak_leaves":24,"minecraft:deepslate":20},"minecraft:killed_by":{"minecraft:player":1,"minecraft:iron_golem":2,"minecraft:skeleton":2,"minecraft:zombie":4},"minecraft:custom":{"minecraft:mob_kills":58,"minecraft:interact_with_crafting_table":34,"minecraft:leave_game":2,"minecraft:time_since_death":3640,"minecraft:climb_one_cm":666,"minecraft:sprint_one_cm":1248331,"minecraft:walk_one_cm":467438,"minecraft:drop":37,"minecraft:play_time":209889,"minecraft:deaths":13,"minecraft:sneak_time":9767,"minecraft:walk_under_water_one_cm":12052,"minecraft:boat_one_cm":95366,"minecraft:jump":4576,"minecraft:walk_on_water_one_cm":38329,"minecraft:total_world_time":209889,"minecraft:interact_with_furnace":21,"minecraft:interact_with_cartography_table":1,"minecraft:time_since_rest":3660,"minecraft:damage_taken":6544,"minecraft:damage_dealt":8191,"minecraft:swim_one_cm":53381,"minecraft:fly_one_cm":932115,"minecraft:player_kills":2,"minecraft:open_chest":9,"minecraft:crouch_one_cm":10332,"minecraft:fall_one_cm":122067},"minecraft:used":{"minecraft:stone_sword":82,"minecraft:acacia_log":2,"minecraft:rotten_flesh":7,"minecraft:orange_bed":1,"minecraft:torch":36,"minecraft:dirt":109,"minecraft:tuff":43,"minecraft:wooden_axe":104,"minecraft:beef":4,"minecraft:furnace":3,"minecraft:acacia_fence":3,"minecraft:cooked_beef":13,"minecraft:acacia_planks":1,"minecraft:cobbled_deepslate":14,"minecraft:pointed_dripstone":1,"minecraft:cooked_mutton":9,"minecraft:acacia_boat":1,"minecraft:water_bucket":3,"minecraft:birch_planks":6,"minecraft:stone_pickaxe":283,"minecraft:oak_planks":15,"minecraft:wooden_pickaxe":54,"minecraft:white_wool":1,"minecraft:rail":1,"minecraft:yellow_terracotta":7,"minecraft:crafting_table":15,"minecraft:spider_eye":1,"minecraft:apple":3,"minecraft:acacia_door":1,"minecraft:melon_slice":11,"minecraft:bread":19,"minecraft:iron_pickaxe":67,"minecraft:stone_axe":166,"minecraft:wooden_sword":157,"minecraft:cobblestone":33,"minecraft:porkchop":13,"minecraft:cooked_porkchop":11,"minecraft:bucket":4}},"DataVersion":3839}