{"stats":{"minecraft:crafted":{"minecraft:cooked_beef":20,"minecraft:oak_door":3,"minecraft:oak_planks":188,"minecraft:cooked_porkchop":7,"minecraft:crafting_table":6,"minecraft:wooden_pickaxe":5,"minecraft:iron_helmet":3,"minecraft:furnace":7,"minecraft:bucket":2,"minecraft:birch_planks":20,"minecraft:stone_axe":4,"minecraft:cooked_mutton":4,"minecraft:air":0,"minecraft:oak_boat":1,"minecraft:iron_boots":2,"minecraft:iron_chestplate":2,"minecraft:shield":3,"minecraft:iron_axe":2,"minecraft:stick":44,"minecraft:iron_ingot":92,"minecraft:iron_pickaxe":2,"minecraft:stone_pickaxe":4,"minecraft:wooden_axe":3,"minecraft:iron_leggings":2,"minecraft:acacia_planks":20},"minecraft:killed":{"minecraft:pig":11,"minecraft:spider":1,"minecraft:skeleton":21,"minecraft:zombie":18,"minecraft:drowned":3,"minecraft:cow":17},"minecraft:mined":{"minecraft:tuff":22,"minecraft:white_bed":1,"minecraft:deepslate_diamond_ore":40,"minecraft:oak_fence":2,"minecraft:crafting_table":20,"minecraft:short_grass":16,"minecraft:acacia_log":5,"minecraft:cobblestone":8,"minecraft:oak_planks":5,"minecraft:sugar_cane":31,"minecraft:spawner":1,"minecraft:furnace":12,"minecraft:birch_log":5,"minecraft:iron_ore":76,"minecraft:cobbled_deepslate":22,"minecraft:andesite":15,"minecraft:pointed_dripstone":2,"minecraft:oak_log":47,"minecraft:coal_ore":53,"minecraft:deepslate_iron_ore":63,"minecraft:gravel":7,"minecraft:stone":179,"minecraft:oak_leaves":1,"minecraft:deepslate":203,"minecraft:orange_bed":1},"minecraft:picked_up":{"minecraft:birch_log":5,"minecraft:crafting_table":21,"minecraft:glow_ink_sac":3,"minecraft:water_bucket":1,"minecraft:andesite":18,"minecraft:leather":16,"minecraft:flint":2,"minecraft:tuff":22,"minecraft:oak_log":47,"minecraft:string":5,"minecraft:cooked_mutton":3,"minecraft:bone":12,"minecraft:wheat_seeds":4,"minecraft:cobbled_deepslate":227,"minecraft:iron_ingot":1,"minecraft:beef":37,"minecraft:oak_boat":2,"minecraft:sugar_cane":81,"minecraft:oak_planks":13,"minecraft:furnace":12,"minecraft:raw_iron":174,"minecraft:oak_fence":2,"minecraft:acacia_log":5,"minecraft:gravel":6,"minecraft:porkchop":21,"minecraft:pointed_dripstone":4,"minecraft:white_bed":1,"minecraft:orange_bed":1,"minecraft:arrow":9,"minecraft:rotten_flesh":2,"minecraft:diamond":40,"minecraft:oak_sapling":1,"minecraft:coal":74,"minecraft:cobblestone":185},"minecraft:dropped":{"minecraft:gravel":4,"minecraft:water_bucket":1,"minecraft:stone_axe":2,"minecraft:porkchop":11,"minecraft:wheat_seeds":4,"minecraft:crafting_table":1,"minecraft:cooked_porkchop":4,"minecraft:rotten_flesh":2,"minecraft:wooden_axe":2,"minecraft:andesite":4,"minecraft:oak_sapling":1,"minecraft:wooden_pickaxe":4,"minecraft:stone_pickaxe":2,"minecraft:string":2,"minecraft:bone":3},"minecraft:killed_by":{"minecraft:skeleton":3,"minecraft:creeper":1,"minecraft:zombie":2},"minecraft:custom":{"minecraft:interact_with_furnace":194,"minecraft:mob_kills":73,"minecraft:interact_with_crafting_table":68,"minecraft:interact_with_grindstone":1,"minecraft:leave_game":11,"minecraft:time_since_death":73474,"minecraft:sleep_in_bed":1,"minecraft:time_since_rest":73494,"minecraft:sprint_one_cm":625596,"minecraft:damage_taken":5723,"minecraft:walk_one_cm":316352,"minecraft:damage_blocked_by_shield":1035,"minecraft:drop":27,"minecraft:damage_dealt":12703,"minecraft:swim_one_cm":70596,"minecraft:talked_to_villager":5,"minecraft:fly_one_cm":819600,"minecraft:player_kills":2,"minecraft:open_chest":5,"minecraft:crouch_one_cm":37554,"minecraft:play_time":172601,"minecraft:deaths":14,"minecraft:sneak_time":12049,"minecraft:walk_under_water_one_cm":46190,"minecraft:boat_one_cm":33087,"minecraft:jump":4611,"minecraft:walk_on_water_one_cm":97344,"minecraft:total_world_time":172601,"minecraft:fall_one_cm":145437},"minecraft:used":{"minecraft:cooked_mutton":7,"minecraft:water_bucket":36,"minecraft:stone_pickaxe":215,"minecraft:oak_planks":13,"minecraft:shield":35,"minecraft:wooden_pickaxe":62,"minecraft:oak_door":3,"minecraft:crafting_table":20,"minecraft:tuff":18,"minecraft:wooden_axe":16,"minecraft:lava_bucket":22,"minecraft:iron_axe":125,"minecraft:bread":3,"minecraft:iron_pickaxe":422,"minecraft:gravel":2,"minecraft:stone_axe":39,"minecraft:cobblestone":92,"minecraft:furnace":14,"minecraft:cooked_porkchop":3,"minecraft:andesite":14,"minecraft:bucket":61,"minecraft:oak_boat":2,"minecraft:cooked_beef":15,"minecraft:cobbled_deepslate":170,"minecraft:pointed_dripstone":4}},"DataVersion":3839}