{"stats":{"minecraft:crafted":{"minecraft:oak_planks":64,"minecraft:furnace":2,"minecraft:cooked_mutton":26,"minecraft:bow":2,"minecraft:diamond_leggings":1,"minecraft:iron_boots":1,"minecraft:iron_axe":2,"minecraft:stone_pickaxe":1,"minecraft:cooked_beef":2,"minecraft:diamond_sword":1,"minecraft:cooked_porkchop":8,"minecraft:crafting_table":3,"minecraft:wooden_pickaxe":1,"minecraft:iron_helmet":1,"minecraft:bucket":1,"minecraft:stone_axe":1,"minecraft:air":0,"minecraft:oak_boat":1,"minecraft:iron_chestplate":1,"minecraft:diamond_pickaxe":1,"minecraft:shield":1,"minecraft:stick":28,"minecraft:iron_ingot":53,"minecraft:iron_pickaxe":2,"minecraft:iron_shovel":1,"minecraft:iron_leggings":1,"minecraft:torch":40,"minecraft:diamond_chestplate":1},"minecraft:killed":{"minecraft:witch":1,"minecraft:spider":8,"minecraft:skeleton":43,"minecraft:drowned":2,"minecraft:pig":14,"minecraft:iron_golem":1,"minecraft:creeper":5,"minecraft:sheep":22,"minecraft:zombie":34,"minecraft:cow":2},"minecraft:mined":{"minecraft:diamond_ore":2,"minecraft:deepslate_diamond_ore":22,"minecraft:grass_block":4,"minecraft:cartography_table":1,"minecraft:sandstone":13,"minecraft:spawner":1,"minecraft:furnace":9,"minecraft:iron_ore":47,"minecraft:acacia_wood":1,"minecraft:andesite":4,"minecraft:deepslate_lapis_ore":6,"minecraft:pointed_dripstone":1,"minecraft:deepslate_iron_ore":29,"minecraft:stone":60,"minecraft:orange_bed":2,"minecraft:crafting_table":9,"minecraft:torch":2,"minecraft:short_grass":16,"minecraft:cobblestone":10,"minecraft:tall_grass":3,"minecraft:deepslate_gold_ore":6,"minecraft:oak_planks":1,"minecraft:wall_torch":6,"minecraft:oak_log":17,"minecraft:coal_ore":45,"minecraft:gravel":1,"minecraft:dripstone_block":2,"minecraft:sand":22,"minecraft:dirt":9,"minecraft:gold_ore":5,"minecraft:oak_leaves":8,"minecraft:deepslate":5},"minecraft:picked_up":{"minecraft:crafting_table":9,"minecraft:wooden_pickaxe":1,"minecraft:string":6,"minecraft:cobbled_deepslate":6,"minecraft:beef":4,"minecraft:oak_boat":3,"minecraft:light_gray_wool":1,"minecraft:furnace":9,"minecraft:stick":3,"minecraft:raw_iron":76,"minecraft:copper_ingot":1,"minecraft:torch":10,"minecraft:porkchop":20,"minecraft:pointed_dripstone":3,"minecraft:carrot":1,"minecraft:orange_bed":2,"minecraft:arrow":42,"minecraft:rotten_flesh":19,"minecraft:mutton":35,"minecraft:cobblestone":68,"minecraft:white_wool":18,"minecraft:glow_ink_sac":5,"minecraft:andesite":4,"minecraft:leather":1,"minecraft:brown_wool":1,"minecraft:filled_map":1,"minecraft:tuff":3,"minecraft:oak_log":16,"minecraft:gunpowder":3,"minecraft:lapis_lazuli":35,"minecraft:dirt":13,"minecraft:bone":36,"minecraft:bow":4,"minecraft:wheat_seeds":2,"minecraft:raw_gold":22,"minecraft:iron_ingot":4,"minecraft:stone_pickaxe":1,"minecraft:oak_planks":1,"minecraft:dripstone_block":2,"minecraft:gravel":4,"minecraft:sand":20,"minecraft:spider_eye":2,"minecraft:diamond":24,"minecraft:gray_wool":2,"minecraft:coal":77},"minecraft:dropped":{"minecraft:iron_ingot":1,"minecraft:wheat_seeds":2,"minecraft:glow_ink_sac":5,"minecraft:dripstone_block":1,"minecraft:leather":1,"minecraft:saddle":1,"minecraft:gray_wool":1,"minecraft:iron_leggings":1,"minecraft:iron_axe":1,"minecraft:iron_pickaxe":1,"minecraft:string":8,"minecraft:wheat":2,"minecraft:pointed_dripstone":2,"minecraft:rotten_flesh":9,"minecraft:cooked_mutton":6,"minecraft:iron_chestplate":1,"minecraft:spider_eye":2,"minecraft:wooden_pickaxe":2,"minecraft:bow":1,"minecraft:stone_pickaxe":2},"minecraft:used":{"minecraft:iron_shovel":15,"minecraft:shield":46,"minecraft:rotten_flesh":9,"minecraft:iron_chestplate":1,"minecraft:orange_bed":2,"minecraft:torch":31,"minecraft:dirt":13,"minecraft:carrot":1,"minecraft:tuff":3,"minecraft:iron_axe":65,"minecraft:iron_helmet":1,"minecraft:iron_boots":1,"minecraft:diamond_chestplate":1,"minecraft:bow":18,"minecraft:furnace":11,"minecraft:cooked_cod":6,"minecraft:cooked_beef":2,"minecraft:cobbled_deepslate":4,"minecraft:iron_leggings":1,"minecraft:pointed_dripstone":1,"minecraft:cooked_mutton":20,"minecraft:water_bucket":25,"minecraft:stone_pickaxe":49,"minecraft:oak_planks":19,"minecraft:wooden_pickaxe":28,"minecraft:crafting_table":12,"minecraft:dripstone_block":1,"minecraft:bread":1,"minecraft:string":2,"minecraft:iron_pickaxe":213,"minecraft:gravel":4,"minecraft:stone_axe":29,"minecraft:diamond_sword":291,"minecraft:cobblestone":46,"minecraft:cooked_porkchop":8,"minecraft:porkchop":1,"minecraft:andesite":4,"minecraft:bucket":26,"minecraft:oak_boat":3,"minecraft:diamond_leggings":1},"minecraft:custom":{"minecraft:mob_kills":134,"minecraft:interact_with_crafting_table":26,"minecraft:leave_game":1,"minecraft:time_since_death":110352,"minecraft:sprint_one_cm":310508,"minecraft:walk_one_cm":306142,"minecraft:damage_blocked_by_shield":1514,"minecraft:drop":45,"minecraft:talked_to_villager":3,"minecraft:play_time":110352,"minecraft:sneak_time":6877,"minecraft:walk_under_water_one_cm":41048,"minecraft:boat_one_cm":65989,"minecraft:jump":3256,"minecraft:walk_on_water_one_cm":60050,"minecraft:total_world_time":110352,"minecraft:interact_with_furnace":97,"minecraft:time_since_rest":110352,"minecraft:damage_taken":2452,"minecraft:damage_dealt":21838,"minecraft:fly_one_cm":550219,"minecraft:swim_one_cm":53631,"minecraft:open_chest":7,"minecraft:crouch_one_cm":15395,"minecraft:fall_one_cm":94179}},"DataVersion":3839}