{"stats":{"minecraft:crafted":{"minecraft:oak_planks":316,"minecraft:cooked_porkchop":4,"minecraft:crafting_table":5,"minecraft:wooden_pickaxe":5,"minecraft:furnace":1,"minecraft:stick":28,"minecraft:iron_ingot":8,"minecraft:iron_pickaxe":1,"minecraft:stone_pickaxe":2,"minecraft:wooden_axe":4,"minecraft:acacia_planks":92},"minecraft:killed":{"minecraft:pig":2,"minecraft:sheep":9,"minecraft:chicken":3},"minecraft:dropped":{"minecraft:wheat_seeds":7,"minecraft:oak_sapling":3},"minecraft:mined":{"minecraft:acacia_leaves":5,"minecraft:crafting_table":6,"minecraft:short_grass":38,"minecraft:acacia_log":22,"minecraft:grass_block":2,"minecraft:tall_grass":21,"minecraft:copper_ore":1,"minecraft:lapis_ore":4,"minecraft:oak_planks":1,"minecraft:diorite":3,"minecraft:furnace":1,"minecraft:iron_ore":17,"minecraft:lilac":2,"minecraft:andesite":4,"minecraft:bee_nest":1,"minecraft:peony":3,"minecraft:red_tulip":1,"minecraft:oak_log":124,"minecraft:coal_ore":14,"minecraft:dirt":8,"minecraft:stone":118,"minecraft:oak_leaves":24,"minecraft:deepslate":1},"minecraft:picked_up":{"minecraft:wooden_axe":2,"minecraft:crafting_table":8,"minecraft:feather":4,"minecraft:lilac":1,"minecraft:chicken":4,"minecraft:andesite":4,"minecraft:wooden_pickaxe":2,"minecraft:oak_log":158,"minecraft:lapis_lazuli":24,"minecraft:string":1,"minecraft:dirt":14,"minecraft:raw_copper":5,"minecraft:bone":1,"minecraft:wheat_seeds":8,"minecraft:cobbled_deepslate":1,"minecraft:oak_planks":33,"minecraft:egg":2,"minecraft:furnace":1,"minecraft:stick":5,"minecraft:raw_iron":17,"minecraft:oak_fence":1,"minecraft:acacia_log":29,"minecraft:porkchop":7,"minecraft:diorite":8,"minecraft:rotten_flesh":6,"minecraft:peony":2,"minecraft:red_tulip":1,"minecraft:armadillo_scute":1,"minecraft:gray_wool":1,"minecraft:oak_sapling":3,"minecraft:mutton":18,"minecraft:coal":37,"minecraft:white_wool":8,"minecraft:cobblestone":123},"minecraft:killed_by":{"minecraft:player":4,"minecraft:skeleton":3,"minecraft:creeper":3,"minecraft:spider":1,"minecraft:zombie":8},"minecraft:used":{"minecraft:acacia_log":3,"minecraft:stone_pickaxe":95,"minecraft:wooden_pickaxe":65,"minecraft:dirt":11,"minecraft:mutton":11,"minecraft:crafting_table":7,"minecraft:wooden_axe":68,"minecraft:chicken":2,"minecraft:iron_pickaxe":5,"minecraft:porkchop":4,"minecraft:furnace":1,"minecraft:cooked_porkchop":1,"minecraft:andesite":3,"minecraft:egg":2},"minecraft:custom":{"minecraft:interact_with_furnace":8,"minecraft:mob_kills":14,"minecraft:interact_with_crafting_table":22,"minecraft:leave_game":2,"minecraft:time_since_death":271,"minecraft:time_since_rest":291,"minecraft:sprint_one_cm":505153,"minecraft:damage_taken":5581,"minecraft:walk_one_cm":281299,"minecraft:drop":8,"minecraft:damage_dealt":1498,"minecraft:talked_to_villager":1,"minecraft:fly_one_cm":293851,"minecraft:crouch_one_cm":2477,"minecraft:play_time":103825,"minecraft:deaths":22,"minecraft:sneak_time":1077,"minecraft:walk_under_water_one_cm":1586,"minecraft:jump":2141,"minecraft:walk_on_water_one_cm":6225,"minecraft:total_world_time":103825,"minecraft:fall_one_cm":89431}},"DataVersion":3839}