{"stats":{"minecraft:crafted":{"minecraft:oak_planks":276,"minecraft:stone_shovel":2,"minecraft:oak_sign":6,"minecraft:furnace":2,"minecraft:cooked_mutton":18,"minecraft:hopper":6,"minecraft:iron_axe":1,"minecraft:stone_pickaxe":1,"minecraft:chest":25,"minecraft:smoker":1,"minecraft:wheat":815,"minecraft:cooked_beef":17,"minecraft:oak_slab":6,"minecraft:emerald":32,"minecraft:cooked_porkchop":42,"minecraft:diamond_axe":1,"minecraft:crafting_table":6,"minecraft:wooden_pickaxe":1,"minecraft:bucket":1,"minecraft:hay_block":22,"minecraft:air":0,"minecraft:oak_boat":1,"minecraft:iron_chestplate":1,"minecraft:diamond_pickaxe":1,"minecraft:shield":1,"minecraft:stick":24,"minecraft:iron_ingot":29,"minecraft:iron_pickaxe":1,"minecraft:gold_ingot":18,"minecraft:white_bed":2,"minecraft:torch":16},"minecraft:broken":{"minecraft:iron_axe":1,"minecraft:stone_shovel":1},"minecraft:dropped":{"minecraft:wheat_seeds":23,"minecraft:oak_fence":2,"minecraft:feather":3,"minecraft:stick":2,"minecraft:oxeye_daisy":1,"minecraft:torch":2,"minecraft:cornflower":2,"minecraft:wooden_axe":1,"minecraft:iron_axe":1,"minecraft:dandelion":32,"minecraft:furnace":1,"minecraft:cobbled_deepslate":42,"minecraft:raw_iron":3,"minecraft:rotten_flesh":4,"minecraft:oak_planks":2,"minecraft:azure_bluet":4,"minecraft:carrot":7,"minecraft:poppy":4,"minecraft:oak_sapling":3,"minecraft:wooden_pickaxe":1,"minecraft:powered_rail":3,"minecraft:stone_pickaxe":1},"minecraft:killed":{"minecraft:cave_spider":4,"minecraft:witch":4,"minecraft:spider":9,"minecraft:skeleton":15,"minecraft:chicken":5,"minecraft:drowned":1,"minecraft:pig":28,"minecraft:zombie_villager":1,"minecraft:iron_golem":6,"minecraft:creeper":6,"minecraft:sheep":15,"minecraft:zombie":40,"minecraft:cow":11},"minecraft:mined":{"minecraft:oak_sapling":1,"minecraft:mossy_cobblestone":1,"minecraft:deepslate_diamond_ore":15,"minecraft:oak_door":1,"minecraft:grass_block":188,"minecraft:acacia_slab":3,"minecraft:hopper":2,"minecraft:oxeye_daisy":2,"minecraft:spawner":2,"minecraft:hay_block":70,"minecraft:furnace":3,"minecraft:cobbled_deepslate":2,"minecraft:iron_ore":18,"minecraft:azure_bluet":5,"minecraft:gold_block":2,"minecraft:deepslate_iron_ore":18,"minecraft:oak_stairs":2,"minecraft:stone":26,"minecraft:oak_slab":1,"minecraft:dandelion":40,"minecraft:oak_fence":1,"minecraft:crafting_table":7,"minecraft:cornflower":2,"minecraft:short_grass":266,"minecraft:blast_furnace":2,"minecraft:poppy":5,"minecraft:chest":2,"minecraft:cobblestone":30,"minecraft:tall_grass":136,"minecraft:copper_ore":2,"minecraft:oak_planks":8,"minecraft:diorite":1,"minecraft:cobblestone_wall":1,"minecraft:oak_log":83,"minecraft:coal_ore":20,"minecraft:sand":20,"minecraft:dirt":29,"minecraft:oak_leaves":25,"minecraft:deepslate":26},"minecraft:picked_up":{"minecraft:wooden_axe":1,"minecraft:crafting_table":6,"minecraft:iron_chestplate":2,"minecraft:azure_bluet":5,"minecraft:chicken":5,"minecraft:chest_minecart":1,"minecraft:wooden_pickaxe":3,"minecraft:oak_stairs":2,"minecraft:gold_block":2,"minecraft:shield":4,"minecraft:cornflower":2,"minecraft:oak_trapdoor":1,"minecraft:string":15,"minecraft:raw_copper":8,"minecraft:iron_axe":4,"minecraft:cobbled_deepslate":74,"minecraft:beef":17,"minecraft:oak_boat":5,"minecraft:poppy":7,"minecraft:iron_pickaxe":5,"minecraft:chest":2,"minecraft:birch_sapling":1,"minecraft:furnace":5,"minecraft:stick":22,"minecraft:raw_iron":42,"minecraft:oak_door":1,"minecraft:oak_fence":3,"minecraft:torch":9,"minecraft:porkchop":63,"minecraft:carrot":1,"minecraft:arrow":18,"minecraft:rotten_flesh":33,"minecraft:hay_block":110,"minecraft:gold_ingot":3,"minecraft:obsidian":2,"minecraft:mutton":22,"minecraft:cobblestone":55,"minecraft:rail":13,"minecraft:white_wool":19,"minecraft:oxeye_daisy":1,"minecraft:feather":10,"minecraft:cooked_beef":15,"minecraft:water_bucket":6,"minecraft:leather":8,"minecraft:potato":10,"minecraft:filled_map":1,"minecraft:oak_log":83,"minecraft:cobblestone_wall":1,"minecraft:gunpowder":11,"minecraft:dirt":220,"minecraft:name_tag":1,"minecraft:cooked_mutton":17,"minecraft:bone":11,"minecraft:wheat_seeds":56,"minecraft:oak_fence_gate":1,"minecraft:iron_ingot":48,"minecraft:stone_pickaxe":3,"minecraft:powered_rail":3,"minecraft:oak_planks":26,"minecraft:oak_slab":3,"minecraft:cooked_porkchop":20,"minecraft:dandelion":34,"minecraft:oak_pressure_plate":1,"minecraft:lava_bucket":1,"minecraft:sand":19,"minecraft:blast_furnace":2,"minecraft:spider_eye":7,"minecraft:mossy_cobblestone":1,"minecraft:diamond":18,"minecraft:diamond_axe":2,"minecraft:granite":3,"minecraft:oak_sapling":17,"minecraft:acacia_slab":1,"minecraft:coal":36,"minecraft:hopper":2,"minecraft:diamond_pickaxe":4},"minecraft:killed_by":{"minecraft:creeper":1,"minecraft:cave_spider":1,"minecraft:zombie":2},"minecraft:custom":{"minecraft:mob_kills":146,"minecraft:inspect_hopper":6,"minecraft:interact_with_crafting_table":53,"minecraft:bell_ring":1,"minecraft:leave_game":5,"minecraft:time_since_death":4539,"minecraft:climb_one_cm":3506,"minecraft:sprint_one_cm":812082,"minecraft:walk_one_cm":350379,"minecraft:damage_blocked_by_shield":1156,"minecraft:drop":87,"minecraft:talked_to_villager":21,"minecraft:play_time":206754,"minecraft:deaths":5,"minecraft:sneak_time":2600,"minecraft:walk_under_water_one_cm":34870,"minecraft:boat_one_cm":148256,"minecraft:jump":4389,"minecraft:interact_with_blast_furnace":16,"minecraft:walk_on_water_one_cm":35251,"minecraft:total_world_time":206754,"minecraft:interact_with_furnace":29,"minecraft:traded_with_villager":32,"minecraft:sleep_in_bed":6,"minecraft:time_since_rest":4559,"minecraft:damage_taken":4903,"minecraft:damage_absorbed":20,"minecraft:damage_dealt":28136,"minecraft:swim_one_cm":62304,"minecraft:fly_one_cm":1050629,"minecraft:open_chest":59,"minecraft:crouch_one_cm":5242,"minecraft:interact_with_smoker":14,"minecraft:fall_one_cm":112510},"minecraft:used":{"minecraft:oak_trapdoor":6,"minecraft:stone_shovel":217,"minecraft:poppy":1,"minecraft:oak_sign":4,"minecraft:chest":25,"minecraft:shield":39,"minecraft:zombie_spawn_egg":1,"minecraft:rotten_flesh":7,"minecraft:iron_chestplate":1,"minecraft:oak_door":1,"minecraft:torch":22,"minecraft:dirt":365,"minecraft:mutton":3,"minecraft:hopper":20,"minecraft:cobblestone_wall":39,"minecraft:oak_fence_gate":11,"minecraft:lava_bucket":3,"minecraft:villager_spawn_egg":3,"minecraft:grass_block":1,"minecraft:iron_axe":154,"minecraft:birch_sapling":1,"minecraft:acacia_slab":246,"minecraft:furnace":4,"minecraft:oak_sapling":5,"minecraft:cooked_beef":17,"minecraft:cobbled_deepslate":9,"minecraft:cooked_mutton":1,"minecraft:water_bucket":209,"minecraft:stone_pickaxe":35,"minecraft:oak_planks":9,"minecraft:wooden_pickaxe":3,"minecraft:cobblestone_slab":2,"minecraft:diamond_axe":352,"minecraft:deepslate_bricks":1,"minecraft:golden_apple":1,"minecraft:mossy_cobblestone":1,"minecraft:oak_slab":5,"minecraft:crafting_table":12,"minecraft:blast_furnace":2,"minecraft:white_bed":5,"minecraft:smoker":1,"minecraft:oak_log":10,"minecraft:diamond_pickaxe":78,"minecraft:chicken":3,"minecraft:bread":8,"minecraft:iron_pickaxe":92,"minecraft:cobblestone":28,"minecraft:cooked_porkchop":25,"minecraft:porkchop":1,"minecraft:bucket":210,"minecraft:oak_boat":4}},"DataVersion":3839}